Agent,Market,Difference,Strategy Wins (%)
0.9804124930880607,1.1236698051237126,-0.14325731203565195,
0.7991001028474688,0.8688524590163945,-0.06975235616892572,
1.2178147178718022,0.8205430932703666,0.3972716246014356,
0.8410118399069274,1.2828734443295204,-0.44186160442259304,
0.6424343346980168,1.0861601085481671,-0.44372577385015033,
0.8257152600525907,1.4290621779457213,-0.6033469178931307,
1.7146193928877471,1.548031496062992,0.16658789682475517,
0.9342592556861935,1.365571462903835,-0.4313122072176414,
1.100463400249854,1.1192811555256967,-0.01881775527584284,
1.5692845154934505,0.553088803088803,1.0161957124046475,
0.37831477350098597,0.3761763249133234,0.0021384485876625448,
1.1225041286633721,1.5120318725099602,-0.38952774384658806,
1.0791034158552348,1.0760401721664283,0.003063243688806505,
0.9590857904221655,1.0504161712247313,-0.09133038080256584,
0.9704321104095267,1.0228036485837733,-0.05237153817424656,
1.0342664964421,1.0987084870848702,-0.06444199064277023,
0.9313000596457538,0.9530188679245285,-0.021718808278774704,
1.4769184570613492,0.7870558949988682,0.689862562062481,
0.7629842506253284,1.3050746268656719,-0.5420903762403435,
0.8679999215009663,0.7599199126319618,0.10808000886900448,
0.586858563860988,1.7789984670413905,-1.1921399031804025,
1.0374121005882757,1.126855461566752,-0.08944336097847638,
1.0190553226014154,1.2061361457334612,-0.18708082313204577,
1.0172949891217622,1.3252601057479114,-0.3079651166261492,
1.5877428314702524,0.6879738562091502,0.8997689752611022,
1.0362778252042446,1.220774374125331,-0.18449654892108636,
1.1997997646385576,1.1721377967659954,0.027661967872562254,
0.5913855814834862,1.714285714285714,-1.122900132802228,
0.8614225693973107,1.1564523771915962,-0.29502980779428556,
0.7545898214159337,1.3670886075949364,-0.6124987861790028,
0.9710436748776792,1.1689885813532386,-0.1979449064755594,
1.0251504223968941,0.9734028683181232,0.05174755407877096,
0.9104892271116338,1.3432400472999604,-0.43275082018832656,
0.8140382689487183,1.0194159178433901,-0.2053776488946718,
0.8987422640785666,1.1400080122597014,-0.24126574818113478,
1.1043065994757986,1.1582217973231355,-0.05391519784733689,
0.8528103085380947,1.0601599727705922,-0.20734966423249745,
1.1042597974890256,0.7945718296677589,0.30968796782126673,
0.863511694067714,1.1079811255797005,-0.24446943151198652,
0.816139289214559,1.297794117647058,-0.48165482843249896,
0.9767330780426148,1.1929790325028735,-0.21624595446025874,
1.0127537582695287,1.4116192830655132,-0.39886552479598447,
1.3211831254237385,1.0518663594470044,0.26931676597673415,
0.8371468762202113,1.1114136869524036,-0.2742668107321923,
0.8578208335128374,1.1415715539947313,-0.28375072048189387,
0.9824308159392487,0.8797188527377852,0.10271196320146359,
0.7497637388976549,1.3385234899328846,-0.5887597510352297,
0.7784923146776813,1.343594306049822,-0.5651019913721408,
0.8353811165552846,1.0119416187527641,-0.17656050219747954,
0.9513605246569944,0.8624183742400368,0.08894215041695763,
1.0984777412295064,0.8996571428571427,0.19882059837236365,
0.8679300398656766,1.2699771689497714,-0.4020471290840948,
0.931433703280383,1.1211347418497266,-0.18970103856934362,
0.9236474373041696,1.0228036485837733,-0.09915621127960361,
0.4978753345078007,0.7340843594445902,-0.23620902493678947,
1.0249647615362967,1.4622460712916803,-0.4372813097553836,
0.9259828373768959,1.1881932021466897,-0.26221036476979376,
0.8243987674130266,0.8615089903783362,-0.037110222965309525,
0.8591837652848098,1.2699771689497714,-0.41079340366496164,
0.786268550322438,1.545114539504441,-0.758845989182003,
0.5083970093067601,1.8673621460506702,-1.35896513674391,
1.073440999215988,1.2743968311127125,-0.2009558318967246,
1.1222365426771204,1.141259225092249,-0.019022682415128722,
1.1519384329447218,1.2083136513934798,-0.056375218448758035,
0.8198834466108497,1.4296984515077409,-0.6098150048968912,
0.8444230701591318,0.933371136943578,-0.08894806678444622,
1.0686411554158304,0.7415999999999998,0.32704115541583056,
0.9106990808414694,0.967753937740295,-0.0570548568988255,
1.1922281661014038,1.0950423216444989,0.09718584445690492,
0.8635894758066469,1.2471636541940723,-0.38357417838742536,
0.9816394057578529,1.1213616805871927,-0.13972227482933974,
0.7576341373030625,1.121151271753681,-0.3635171344506184,
0.9936583202954098,1.066034155597723,-0.07237583530231328,
0.8248590410150266,1.2661960566123025,-0.4413370155972759,
0.884495620978057,0.8951138398567413,-0.010618218878684305,
1.1205310057827098,0.9790026246719169,0.1415283811107929,
0.8617753974181513,1.323302350591489,-0.4615269531733376,
0.7399612961660774,1.255647476579028,-0.5156861804129506,
0.5667756348636216,1.075625000000002,-0.5088493651363805,
0.7868627659757634,0.8424444444444449,-0.05558167846868145,
1.0383129354091378,0.9774351611997123,0.06087777420942553,
0.8159360305434424,1.3688181056160935,-0.5528820750726511,
1.2045872813389764,0.9480874316939893,0.25649984964498707,
0.8812589748553229,0.9436152570480926,-0.062356282192769674,
2.1602916011338364,0.9793899422918382,1.1809016588419983,
1.1008109903176169,1.544588235294117,-0.44377724497650006,
0.8907478628191229,1.004405286343612,-0.11365742352448904,
0.5951092798495847,1.151320952131834,-0.5562116722822492,
0.8071776393600925,0.838468121523321,-0.031290482163228495,
0.8712258324203472,1.1385150812064952,-0.267289248786148,
0.6978555646209676,1.1607015880540403,-0.4628460234330727,
1.1133787878311814,1.416134185303515,-0.3027553974723336,
1.077321687461129,0.5933117583603019,0.4840099291008272,
0.9720034742591537,1.0031082226617687,-0.031104748402615012,
0.9586757107320919,0.724816176470588,0.23385953426150385,
0.9632142136971986,0.9972645099904851,-0.034050296293286486,
0.9330664121424879,1.109492374231732,-0.1764259620892441,
0.6639716134291545,1.1725067385444745,-0.5085351251153201,
0.8399254876183778,0.9382292381606044,-0.09830375054222662,
1.1676254540695716,0.7310151255262749,0.43661032854329673,24.0
1.291618405120717,2.3925933631540626,-1.1009749580333457,24.0
1.123420526655948,0.9210095050803015,0.2024110215756465,25.0
0.9316974128427732,0.7414027149321267,0.19029469791064646,25.0
1.2736307849559527,1.192107995846313,0.08152278910963973,26.0
0.7782705583893742,1.189621460972938,-0.4113509025835639,26.0
0.9507063746574641,1.0613931085587247,-0.1106867339012606,26.0
0.8872262450819123,1.038918918918919,-0.1516926738370067,25.0
0.9044205987287973,1.0640737410071932,-0.1596531422783959,25.0
1.0824675253059217,1.0000000000000009,0.08246752530592083,26.0
1.0593937871835697,0.9717397830095628,0.08765400417400693,26.0
0.8587362970375966,0.8068347572410921,0.05190153979650447,26.0
1.034232980342568,1.0038890329271455,0.030343947415422567,27.0
0.9588693637404982,0.5180428134556574,0.44082655028484086,27.0
0.7859476045544956,0.9885126964933487,-0.20256509193885308,27.0
1.0007698226348538,0.8699605375426621,0.1308092850921917,28.0
0.8275211764457157,1.2738087910735174,-0.44628761462780175,28.0
1.884344028608874,1.1359999999999997,0.7483440286088743,29.0
0.8463246803264769,0.9363605802797966,-0.09003589995331973,28.0
0.8597589872050113,1.159619047619048,-0.2998600604140367,28.0
0.8991156456518529,0.8870665417057171,0.012049103946135786,28.0
0.8872970547735854,0.9351170773568717,-0.047820022583286215,28.0
1.02274857964402,0.6220112517580872,0.40073732788593286,29.0
0.4559233140736882,0.4915254237288134,-0.035602109655125225,29.0
1.0056746151857194,0.9907316705598677,0.014942944625851773,30.0
0.8592590289317404,1.1171882148412478,-0.2579291859095073,29.0
0.6456360063574909,1.04287369640788,-0.3972376900503891,29.0
1.3322934919706042,1.1472360492533402,0.185057442717264,29.0
1.0073566240113108,0.9606799098914608,0.04667671411984997,30.0
1.5883264897333098,0.8849710982658955,0.7033553914674143,31.0
1.5630070410980441,1.4410480349344985,0.1219590061635456,32.0
0.9898197802475804,1.3067920961425943,-0.31697231589501385,32.0
1.0631845998783809,0.7441813398097555,0.31900326006862534,32.0
0.8369519197667414,1.4849524815205921,-0.6480005617538507,32.0
0.7895098087826325,0.9654821041905485,-0.17597229540791592,32.0
0.720383070302799,1.1211538461538462,-0.40077077585104715,32.0
1.0860552367105862,1.0953118089341,-0.009256572223513837,32.0
0.8699585201654615,0.662279547249276,0.20767897291618553,33.0
0.7950196270622946,1.02710582302419,-0.2320861959618955,32.0
1.0294711259393905,1.1400294798905037,-0.11055835395111324,32.0
1.666123957433503,0.8897763578274765,0.7763475996060264,33.0
0.6770763192257375,0.5301333333333333,0.14694298589240418,34.0
1.0464144368564665,0.8336126406511851,0.2128017962052814,35.0
1.0574634820132855,1.1353430679855554,-0.07787958597226985,34.0
1.0111503189738709,0.9132643345063138,0.09788598446755703,35.0
0.48201995988581486,2.3839326354119272,-1.9019126755261124,35.0
0.610183314062441,0.4196428571428573,0.19054045691958366,35.0
0.8771353475787005,0.8785407967498028,-0.001405449171102302,35.0
1.0711925895273646,1.4374323446633446,-0.36623975513597995,35.0
0.7438039499356083,1.2508236774886181,-0.5070197275530098,35.0
0.9867034360421477,0.9452207937395196,0.0414826423026281,35.0
0.8118662286014027,0.7551448170731705,0.05672141152823218,35.0
0.940933658734911,0.9774459774459772,-0.036512318711066194,35.0
0.9393488494918115,1.0207877461706794,-0.08143889667886783,35.0
1.2760295165608735,1.5994036970781145,-0.323374180517241,35.0
1.2752407024777594,1.156806083650191,0.11843461882756845,36.0
0.6752357610417145,0.8232013718034747,-0.1479656107617603,36.0
0.9426998081314466,0.9768044057040741,-0.034104597572627515,36.0
0.9490563229955153,1.2237571766088462,-0.27470085361333085,36.0
1.0051062197289136,1.060393818887345,-0.0552875991584314,36.0
0.965670994467744,0.6468710089399744,0.31879998552776956,37.0
0.6872829083021178,2.7723320158102758,-2.085049107508158,37.0
1.3333236145499134,2.4238956282902278,-1.0905720137403143,37.0
0.8967611102631827,1.2917383229001844,-0.3949772126370017,37.0
0.8435315402841435,1.1863351192929423,-0.3428035790087989,37.0
0.6152898118796446,0.8031698436496041,-0.1878800317699595,37.0
1.0179310660872085,2.6703499079189688,-1.6524188418317602,37.0
0.6254144259130244,1.830357142857143,-1.2049427169441187,36.0
0.7577327054283786,1.1050000000000009,-0.3472672945716223,36.0
0.8806558353634165,1.2997502081598649,-0.41909437279644834,35.0
1.031272924045342,1.1630576571875813,-0.13178473314223926,35.0
0.8851508310275933,1.1117504305620785,-0.22659959953448516,35.0
0.8922807382797492,0.9983254256209878,-0.10604468734123862,35.0
0.6197738979534844,1.1121951219512198,-0.49242122399773547,35.0
0.8337087901819789,1.1836346336822068,-0.34992584350022793,35.0
0.9223770992209259,1.0005560704355878,-0.07817897121466189,35.0
0.8628935422087088,1.1509838664552836,-0.28809032424657477,34.0
1.102008919077179,1.2548723752043265,-0.15286345612714758,34.0
0.8725192372866262,1.1317255697746713,-0.25920633248804514,34.0
1.2676465728693616,0.6371707317073174,0.6304758411620441,35.0
0.9928928462514668,1.216372623052105,-0.22347977680063824,35.0
1.0626305031129117,1.0055705742606693,0.057059928852242425,35.0
0.8558259776061092,1.1392126334519568,-0.28338665584584755,35.0
0.9627037268085057,1.269651324065414,-0.30694759725690823,34.0
1.1796450272544188,0.9102058694699962,0.2694391577844226,35.0
0.9821417558035727,1.2666666666666655,-0.28452491086309284,34.0
0.9300670665176235,0.963079693831607,-0.03301262731398347,34.0
1.0366445612157797,1.2704989786985685,-0.2338544174827888,34.0
1.304986347664306,1.1934582511505591,0.11152809651374684,35.0
0.9154391629586858,1.21516587677725,-0.2997267138185642,35.0
0.8795661895213124,1.0085117358782556,-0.12894554635694322,35.0
1.029512584305426,1.3339176161262052,-0.30440503182077916,35.0
0.9227800854391938,0.8724379069206655,0.05034217851852829,36.0
0.9354619429388676,0.790358248562583,0.14510369437628468,36.0
1.3698428205823723,1.6800000000000002,-0.3101571794176279,36.0
0.9676145170942597,0.8321485897729884,0.13546592732127127,36.0
1.3629841041141986,1.1438487875803198,0.21913531653387874,37.0
0.9511575540457947,0.8274134790528239,0.1237440749929708,38.0
0.8517476359506745,1.425957887469795,-0.5742102515191204,38.0
0.9157492655961117,1.2103799053572724,-0.29463063976116066,38.0
0.7891399521163076,0.9119725418938022,-0.12283258977749456,37.0
0.8843038219321663,1.1993344851858956,-0.3150306632537293,37.0
1.1873404853804923,1.3359896471870325,-0.1486491618065402,36.0
0.8902698126306935,1.0833071219950572,-0.1930373093643637,35.0
1.1836938464329028,1.0253735551169993,0.15832029131590342,35.0
1.1913296511483586,1.392179487179487,-0.20084983603112838,35.0
0.4488181982527691,0.995279146141216,-0.546460947888447,35.0
0.680367468806112,1.147207077461165,-0.4668396086550529,35.0
0.9413638176342507,0.7702510658455711,0.17111275178867957,36.0
2.2625182831228727,2.4084656084656095,-0.1459473253427368,35.0
0.8926115001202046,1.0047678510614138,-0.11215635094120913,34.0
0.9398496085068968,0.9683950796473026,-0.028545471140405843,33.0
0.9010022787084777,1.0973712553352744,-0.19636897662679664,32.0
0.7916969467745225,1.1917827626918531,-0.4000858159173306,31.0
1.0455072090455555,1.2843704775687403,-0.23886326852318485,31.0
0.978189792763387,1.1889272005725064,-0.21073740780911943,30.0
1.0964548856365839,1.189643591361518,-0.0931887057249341,30.0
1.3635088335807417,1.2431259044862524,0.12038292909448933,30.0
0.9100733400071243,0.8631705846895714,0.046902755317552836,31.0
0.7067779493451046,1.5017496111975117,-0.7949716618524071,31.0
1.488680765709127,0.7347509792949073,0.7539297864142197,31.0
1.9642916358937237,0.570905417350676,1.3933862185430477,32.0
1.382278640033145,0.6178953292065277,0.7643833108266174,32.0
0.9888157586042625,1.052620343686626,-0.06380458508236342,32.0
1.3486066742604697,1.428351492183799,-0.07974481792332933,31.0
1.115054827327458,0.9204911814906132,0.19456364583684493,32.0
1.3860316769038143,1.2119951377633709,0.17403653914044348,33.0
0.8783680989521567,1.0493827160493832,-0.17101461709722643,32.0
1.3293331084326279,1.4932519280205638,-0.16391881958793597,31.0
0.5002017645291258,2.705836575875488,-2.205634811346362,30.0
0.8771704247514542,1.1012658227848098,-0.22409539803335554,29.0
0.9420860707453882,0.9925763520270791,-0.05049028128169086,29.0
0.9569503286998148,1.0240213523131667,-0.06707102361335193,28.0
0.6387678843783366,0.7985927880386986,-0.15982490366036195,28.0
0.9334067880207826,0.9571852700661497,-0.023778482045367144,28.0
1.1457788650627247,1.292713255409103,-0.14693439034637823,28.0
0.9253077676927096,1.1683303085299441,-0.2430225408372345,28.0
1.3011659762712564,1.0399954159981672,0.26117056027308916,28.0
0.6761944670106681,1.10421052631579,-0.4280160593051219,28.0
0.8699988410634686,1.0969081175570856,-0.22690927649361703,28.0
1.1037139268420486,1.2653894472361797,-0.16167552039413113,27.0
0.7927233523081364,1.1029884221373583,-0.31026506982922186,26.0
1.594422373625302,0.7192779783393504,0.8751443952859517,26.0
1.2377683606832248,1.1438487875803198,0.093919573102905,27.0
1.1274593294572046,1.176548089591568,-0.049088760134363474,26.0
0.9883999182659098,1.0021353549389025,-0.013735436672992707,26.0
0.7955659801118121,1.0755293159609125,-0.2799633358491004,25.0
0.9736451600503377,0.9492659021068913,0.02437925794344642,26.0
0.9616987434134884,1.0935073339085422,-0.13180859049505378,26.0
1.066437253722102,1.1292910125927196,-0.0628537588706175,26.0
1.7813926184071993,0.5959849435382686,1.1854076748689306,26.0
0.8130373377183973,1.2010198604401496,-0.3879825227217524,25.0
0.9754580748929926,1.2883379247015605,-0.31287984980856787,25.0
0.9692175899929139,0.9899131409358365,-0.020695550942922636,25.0
1.214856386571161,0.8208069620253171,0.3940494245458439,26.0
0.6629566787421514,1.5570297029702975,-0.8940730242281462,25.0
1.0209928017204646,1.138171541953522,-0.11717874023305752,25.0
0.8918281599162464,1.0601207376574686,-0.1682925777412222,25.0
1.1991168584158434,1.3551534002544883,-0.1560365418386449,25.0
0.8758110291587046,1.1100387606982132,-0.2342277315395086,25.0
0.8418686790289772,0.9990685525103516,-0.15719987348137443,24.0
0.5251064183053401,3.626552892458276,-3.1014464741529357,24.0
0.8576115718011436,1.0597649635222368,-0.20215339172109326,24.0
1.227681597200108,0.3617610062893082,0.8659205909107999,25.0
1.0466992441775593,1.024502738541366,0.022196505636193242,26.0
0.9068158195364567,1.2210327014328795,-0.3142168818964227,26.0
0.8661058323975086,1.7013888888888886,-0.83528305649138,26.0
0.7658715972499902,1.3154362416107386,-0.5495646443607484,26.0
0.9755857246773896,1.1050000000000009,-0.1294142753226113,26.0
0.8972183828500597,0.9318365491463787,-0.034618166296318975,26.0
1.4894964353291298,1.3167346938775515,0.1727617414515783,27.0
0.869094592144622,1.0545643736565882,-0.18546978151196614,27.0
0.8751143950551287,1.1189139242305768,-0.24379952917544812,27.0
0.9779819037372733,1.3471087618132314,-0.369126858075958,27.0
1.1577291918986539,0.8147916666666665,0.3429375252319874,28.0
0.9981585312866929,1.0008181074447777,-0.0026595761580848754,28.0
1.0095624180296723,1.2566402752664012,-0.24707785723672893,28.0
1.2956438824947114,0.7817388958820357,0.5139049866126757,29.0
0.8470166274166765,0.903539381854437,-0.05652275443776056,29.0
1.1570653541313907,1.3508514386376984,-0.19378608450630774,28.0
1.0185926310917548,1.4366981360445406,-0.41810550495278576,28.0
0.9687660919776858,0.9691844075046179,-0.000418315526932056,27.0
0.832559968640029,1.3454011741682976,-0.5128412055282686,27.0
0.6989497601012807,1.3228346456692903,-0.6238848855680096,27.0
0.8241002888400121,1.2367661212704513,-0.4126658324304392,26.0
1.2717267439919477,1.3338229122954257,-0.06209616830347797,26.0
0.9597825769539956,0.9698298908846069,-0.010047313930611312,26.0
0.8815160372365208,0.751780821917808,0.1297352153187128,27.0
1.1952270902716065,1.208181818181818,-0.012954727910211572,26.0
0.8777592848460156,0.9994516828115618,-0.1216923979655462,26.0
0.9319435254909813,1.1053116055633063,-0.17336808007232507,26.0
1.1383831479043753,0.8392566782810693,0.299126469623306,27.0
0.9622004704157707,0.9704518061287848,-0.008251335713014063,26.0
0.7228971222002228,0.9451382694023189,-0.2222411472020961,25.0
1.1477177258627485,1.0167821962787311,0.13093552958401733,26.0
0.9313901596758488,1.1139529713975216,-0.18256281172167277,25.0
1.0198558356754706,1.004405286343612,0.015450549331858632,25.0
0.8906154419267331,0.9722587895328305,-0.08164334760609737,24.0
0.913700854572851,0.9095520722365954,0.0041487823362555964,25.0
1.1091172303295926,0.7788992821405266,0.330217948189066,26.0
0.6957136623694258,0.5624263839811542,0.1332872783882716,27.0
0.9357463004672725,1.0969081175570856,-0.16116181708981314,27.0
0.8219059813196591,1.365571462903835,-0.5436654815841758,27.0
0.823456490247469,0.9526109266525814,-0.12915443640511237,27.0
0.9093955340862538,0.9443060544877685,-0.034910520401514655,26.0
1.1116092257848962,0.94993006993007,0.16167915585482617,27.0
1.202523235188766,1.042617305208782,0.1599059299799841,28.0
1.1702950045726526,1.0734686452350641,0.09682635933758843,29.0
0.9986464928352642,1.0016182420007353,-0.0029717491654711603,28.0
1.0039087682715857,0.9321441484874049,0.0717646197841808,29.0
1.0172277408027806,0.8719027086116852,0.14532503219109538,30.0
1.6843829054348283,0.536789595581685,1.1475933098531432,31.0
0.7337035791006603,1.4453847667781932,-0.7116811876775329,31.0
0.9230025005177928,0.985278978793494,-0.062276478275701264,31.0
1.0051240781803936,0.9188019129121576,0.086322165268236,32.0
0.9421485433695003,1.2063925555049806,-0.2642440121354803,32.0
0.7058187312941916,1.0610494450050458,-0.35523071371085424,32.0
0.9651484733973814,1.3039872918186084,-0.338838818421227,31.0
0.9563831807252093,1.084435084435085,-0.12805190370987563,30.0
0.5152812183900337,1.4373829361234889,-0.9221017177334552,30.0
0.9215371444440728,1.1383299798792763,-0.21679283543520356,29.0
0.8029147640846019,0.8817578579027965,-0.07884309381819454,28.0
0.7137691418993967,1.1943207126948774,-0.4805515707954807,27.0
0.9250232664704979,1.8871424890492146,-0.9621192225787166,27.0
1.3550695085517843,1.0835365071217768,0.27153300143000747,28.0
1.330736691675606,0.6606217616580313,0.6701149300175747,28.0
0.8313835343833498,0.7484662576687117,0.08291727671463811,28.0
1.1694838686246125,0.8319174331250436,0.3375664354995689,29.0
0.36863888331871614,1.4518716577540092,-1.083232774435293,29.0
0.6576342650549417,1.4536312849162007,-0.795997019861259,29.0
0.7356072146883492,1.2040337711069418,-0.46842655641859254,29.0
1.0105953098975402,0.9210813762971052,0.08951393360043503,30.0
0.9004231219835795,0.9446604938271603,-0.044237371843580786,30.0
1.1346812733030907,1.0977059875828685,0.03697528572022213,31.0
0.8817885757724123,1.1881932021466897,-0.30640462637427734,31.0
1.3369799626060204,1.3679099876695444,-0.030930025063524047,31.0
0.8493773645647971,1.25192406362237,-0.402546699057573,31.0
0.8788839135193012,1.1598480904831765,-0.2809641769638753,30.0
1.0353675563841822,1.0271860986547086,0.008181457729473651,31.0
0.9420019378487199,0.9884422110552763,-0.046440273206556415,31.0
0.9313061357806989,0.761838942307693,0.16946719347300587,32.0
1.147217864148691,1.0669946363294733,0.08022322781921765,33.0
0.8323726331400847,1.2561227120391845,-0.42375007889909977,32.0
0.9561944531223704,1.3305747987268306,-0.3743803456044602,31.0
0.9089224511300152,0.8319174331250436,0.07700501800497161,32.0
0.9847151419624541,1.1822582580980712,-0.19754311613561704,32.0
0.9657365639781711,1.2530427398811224,-0.28730617590295127,32.0
0.903274579676409,0.8523705324580602,0.05090404721834885,32.0
0.8503473521996061,1.3533992659232466,-0.5030519137236404,32.0
1.1671541864762274,1.5472399150743086,-0.3800857285980812,32.0
0.6976736798745573,1.3811571540265817,-0.6834834741520244,31.0
0.7223276641881731,0.8600767321146464,-0.13774906792647335,31.0
1.011487029936731,0.9379581151832459,0.073528914753485,32.0
1.514401839207469,0.7347509792949073,0.7796508599125617,33.0
0.6292113886350913,1.3362627197039765,-0.7070513310688852,32.0
1.4278315721625408,1.2644564379336933,0.16337513422884742,33.0
1.2403208693790306,0.9947248882702021,0.24559598110882852,34.0
1.097275205406793,1.1292910125927196,-0.03201580718592667,34.0
0.7468419728382348,1.2054276137960858,-0.4585856409578509,34.0
0.9573220559399258,1.2749847016006959,-0.31766264566077007,34.0
1.1364680434837922,1.0697594795857235,0.06670856389806867,35.0
1.011879102573263,0.8278556313538636,0.18402347121939933,36.0
0.9765044795211276,0.9507278835386337,0.025776595982493933,37.0
1.452739683237178,0.5044832468145349,0.948256436422643,37.0
1.0575195815315532,0.9598390581923846,0.09768052333916866,37.0
0.9143183811486273,1.2617313915857613,-0.347413010437134,37.0
0.8889005547383575,1.296571469991302,-0.4076709152529445,37.0
0.9846471721001475,1.0672893580567613,-0.08264218595661377,37.0
0.8810106968871967,1.2763889377572926,-0.3953782408700959,37.0
1.0598598734720277,1.4709734513274337,-0.41111357785540603,37.0
0.9411131734352627,1.1683546677920007,-0.22724149435673802,36.0
1.3804132418867832,0.5227201009782265,0.8576931409085566,37.0
0.8189936631802303,0.8600767321146464,-0.041083068934416156,37.0
0.8378096717860882,1.1737344814613557,-0.3359248096752675,37.0
1.4143369255866034,0.6098901098901095,0.8044468156964939,37.0
1.7559090764023049,0.3875278396436527,1.368381236758652,38.0
1.2669069414933087,0.857099049371358,0.4098078921219508,39.0
1.5950839100279406,1.3683870967741938,0.2266968132537468,39.0
0.4759866024168202,1.3561517113783539,-0.8801651089615337,39.0
1.1208584480582526,1.0580502364264393,0.06280821163181338,40.0
1.5339000534562495,0.8830612244897966,0.6508388289664528,41.0
1.137915258576547,1.8025210084033616,-0.6646057498268145,41.0
1.4174805747393706,0.7686567164179103,0.6488238583214603,42.0
1.0802726561193619,1.0545643736565882,0.02570828246277368,43.0
1.1045445985415139,0.8417450812660389,0.262799517275475,44.0
1.0245150448587153,0.8840579710144935,0.1404570738442218,45.0
1.2875569799883433,1.2836113837095184,0.003945596278824848,46.0
0.7645280579209914,0.9378203699576559,-0.1732923120366645,45.0
1.7069767370364233,2.9775985663082425,-1.2706218292718192,45.0
1.1469769549802784,0.7684373388344513,0.3785396161458271,46.0
0.4623292908160656,1.5261467889908262,-1.0638174981747606,46.0
0.8168295559932501,1.2083136513934798,-0.39148409540022966,45.0
1.4729268068236356,1.264315012305167,0.20861179451846867,46.0
0.8823986731078906,0.9912205733820222,-0.10882190027413163,46.0
0.995466397974735,0.9247095621090257,0.07075683586570936,46.0
1.1881817992657235,1.3010349572257567,-0.11285315796003315,46.0
0.8917521067163797,1.5921390479952586,-0.7003869412788789,45.0
0.8249815913153198,1.270151133501258,-0.4451695421859383,45.0
0.9668802133953723,0.862042389210019,0.10483782418535337,45.0
0.9086462294148544,1.1815420560747678,-0.2728958266599134,44.0
1.6947543144508788,0.5830458353868903,1.1117084790639886,44.0
0.8879631045906733,0.889725528297304,-0.0017624237066307114,44.0
1.2309742312784013,1.1009584250744722,0.13001580620392916,45.0
1.190737643674446,1.4073640523571351,-0.21662640868268923,45.0
0.8054270571772425,1.1594389672874115,-0.35401191011016897,45.0
1.3320598670237167,1.7522123893805315,-0.4201525223568148,44.0
1.1575375794109775,1.0253735551169993,0.1321640242939781,44.0
1.203358733115044,0.8520566817555592,0.3513020513594848,44.0
1.0399577065341448,1.004046242774566,0.035911463759578766,45.0
1.0814506715764014,0.8550008376612497,0.22644983391515172,45.0
1.0410590427305646,1.1529824561403508,-0.11192341340978618,44.0
1.261109365746666,0.922429604056534,0.33867976169013214,44.0
0.9876202410690418,1.2370902728380233,-0.24947003176898153,44.0
1.047257700622517,0.9659269775624213,0.0813307230600957,45.0
0.6763218847086968,1.007747866053841,-0.3314259813451442,44.0
0.8940260430404654,1.4428412874583794,-0.548815244417914,44.0
0.9292994324693751,0.9234578338717953,0.005841598597579822,45.0
1.0001948052605498,0.801029543419875,0.19916526184067485,46.0
1.128935640734021,1.554319215123234,-0.4253835743892129,46.0
1.0818060779491625,0.895117678421813,0.1866883995273495,47.0
0.9231432741856845,1.1211548839719383,-0.19801160978625376,47.0
0.8567527860468642,1.1985757326759785,-0.3418229466291143,47.0
1.2029193364123643,1.4039999999999992,-0.201080663587635,47.0
1.0221248572683013,0.8290743895513909,0.19305046771691037,48.0
0.9373162972454359,1.005762315324292,-0.0684460180788562,47.0
0.9754993587572305,0.7678934296680968,0.20760592908913367,47.0
0.8101630495716781,1.4370709382151026,-0.6269078886434245,46.0
0.9027598843332365,1.1248587570621478,-0.22209887272891127,45.0
0.8992295593235134,0.9597385926012365,-0.06050903327772306,45.0
1.1066280441225997,1.1547361206305682,-0.048108076507968445,45.0
0.8804820087435472,1.0006131287831355,-0.12013112003958826,45.0
0.9023533246210251,0.9975441800770071,-0.09519085545598194,44.0
1.2827685104990494,1.3609715242881082,-0.0782030137890588,44.0
1.1754602468098925,0.9506135887458836,0.22484665806400883,44.0
1.0470075657856945,1.0550375550375548,-0.00802998925186027,44.0
1.0002862724747903,1.1285066395306484,-0.12822036705585815,44.0
1.7655371666010802,0.9764507989907485,0.7890863676103317,45.0
1.1155996836873763,1.2262557077625582,-0.11065602407518194,45.0
1.1799820465816364,0.9560674157303375,0.22391463085129892,45.0
1.1812916432810754,0.9457043174880063,0.23558732579306907,46.0
1.0516004770815037,1.2052802095540092,-0.15367973247250544,45.0
0.7283337483525004,1.1816562778272472,-0.4533225294747468,44.0
2.2620923914119593,0.5696240601503765,1.692468331261583,45.0
0.9578424643682768,1.146398481072742,-0.1885560167044651,45.0
1.0358604065595287,0.8165829145728644,0.21927749198666435,45.0
0.7773620957833011,1.7651884132273767,-0.9878263174440757,45.0
1.0324078311849463,0.8364211814938121,0.19598664969113422,46.0
1.6528995672923954,0.9408588648920139,0.7120407024003815,46.0
1.1365520407163534,0.8571891716647764,0.27936286905157703,47.0
1.0655067164636707,1.1663896839319237,-0.10088296746825298,47.0
1.016873926481153,1.4013259145258659,-0.3844519880447128,47.0
0.9065581176704663,1.1523048555623856,-0.24574673789191925,47.0
1.0274695797037536,1.3059811980562253,-0.2785116183524716,46.0
1.1951196594784854,0.5963713477851084,0.598748311693377,46.0
1.0742165281209426,2.364066193853428,-1.2898496657324856,46.0
1.0636423201544543,1.4157066363783857,-0.3520643162239314,45.0
0.7385498225244931,0.8720233317279391,-0.13347350920344603,44.0
0.9204400255994662,0.9830136986301375,-0.0625736730306713,44.0
1.131695318292907,0.8946536739531207,0.23704164433978636,45.0
1.1483842208130737,1.1211538461538462,0.027230374659227508,46.0
1.1453713981935871,1.1589791617888079,-0.013607763595220757,45.0
1.0774838957348623,0.9234578338717953,0.154026061863067,45.0
1.1161154742284316,1.1056907539224086,0.010424720306023039,45.0
1.1250385572057706,0.8424444444444449,0.28259411276132573,45.0
0.9615158053767601,1.1152431342907538,-0.15372732891399377,44.0
0.7883156218657157,1.50921773791729,-0.7209021160515743,44.0
1.0078148636466469,0.9885126964933487,0.019302167153298133,45.0
0.8693399667654457,1.105550227763126,-0.23621026099768028,45.0
1.1002577203536723,1.0450169875424693,0.05524073281120301,46.0
1.2117310763122051,1.1436062928600246,0.06812478345218054,47.0
1.1294626626258306,0.8061307532326613,0.32333190939316936,48.0
1.3840547751538226,0.7496084135153279,0.6344463616384947,48.0
1.0068072770363847,0.9312391089342065,0.07556816810217826,49.0
0.8918316891520043,1.184138335287222,-0.2923066461352176,49.0
0.8702174077714792,1.04342477549514,-0.17320736772366085,48.0
1.0104100860290266,1.057868055316068,-0.04745796928704138,47.0
1.1548688548424217,0.9639619220308252,0.19090693281159654,47.0
0.9072394961966567,1.349697761803627,-0.4424582656069703,46.0
1.264906325020915,1.4423076923076923,-0.17740136728677736,46.0
1.6544074559900255,1.748251748251749,-0.09384429226172353,45.0
0.8468624836825502,0.5485327313769754,0.2983297523055748,45.0
1.0647752983622656,1.5121145374449343,-0.4473392390826687,45.0
0.9038010388076064,0.9712260644433622,-0.06742502563575581,44.0
1.324981482896459,1.2856154910096822,0.03936599188677681,44.0
1.1981079765784126,0.5083293669681104,0.6897786096103022,44.0
0.9952632337566942,1.3432400472999604,-0.34797681354326615,43.0
0.9552028935795668,1.023372143165157,-0.06816924958559023,42.0
1.0188062611742423,1.0034602955749925,0.015345965599249833,43.0
0.7313602678923162,0.9874531108524122,-0.25609284296009593,43.0
0.9241858266148542,1.2660560230056443,-0.3418701963907902,42.0
0.941410511928842,0.8372093023255817,0.10420120960326029,43.0
1.0643189782063662,1.1292910125927196,-0.06497203438635335,43.0
1.2538176405997037,1.0185481787651773,0.23526946183452635,43.0
1.0929271516568633,1.1005154639175247,-0.007588312260661478,43.0
1.0633632596329186,1.1285979918185203,-0.06523473218560172,42.0
1.150430246910848,0.8840579710144935,0.2663722758963546,43.0
0.8778468530741015,0.9420012746972599,-0.06415442162315843,43.0
1.2102822689964954,1.2796463993100478,-0.06936413031355237,43.0
0.8809354563515427,0.9564425306392854,-0.07550707428774273,42.0
0.7308210758239481,1.046184081231576,-0.31536300540762785,42.0
0.848428394000966,1.1841156088504152,-0.3356872148494492,41.0
1.0450395616894537,1.040825903331769,0.004213658357684613,42.0
0.9341141839245918,0.8274134790528239,0.10670070487176786,42.0
0.931060652249781,1.0747718575213425,-0.14371120527156156,42.0
1.0129249720935618,1.304535929155682,-0.29161095706212015,42.0
1.0231302533465587,1.1278265004226533,-0.1046962470760946,42.0
0.8549384304674887,0.9589313063701855,-0.10399287590269679,41.0
1.1234738647828377,2.3340659340659333,-1.2105920692830956,40.0
1.4389804008785068,1.5029230769230766,-0.06394267604456982,39.0
0.9676630883198671,1.1664686618663425,-0.19880557354647532,38.0
1.1471560645554661,0.8364211814938121,0.3107348830616541,39.0
0.8825799134600734,1.0639328158939667,-0.18135290243389335,38.0
1.4832003672958483,0.8334930063230506,0.6497073609727977,39.0
0.9499765429054158,1.3457365948037576,-0.39576005189834185,38.0
1.1248627629171126,1.789907442627107,-0.6650446797099945,38.0
0.8006388018013298,1.2969707414215705,-0.4963319396202407,38.0
0.8501104156505132,0.663353214049039,0.18675720160147413,38.0
1.302202135828214,0.4914578587699319,0.8107442770582822,38.0
0.9555720132361721,1.0992976536606966,-0.14372564042452451,38.0
0.7979740781681497,0.7829512893982801,0.015022788769869622,38.0
0.8011831569425177,1.2157208482205004,-0.4145376912779827,38.0
1.3725841886090906,0.5753739930955122,0.7972101955135784,39.0
0.9490839025727024,0.8570141391738291,0.0920697633988733,40.0
1.4473968524132805,1.3054098360655741,0.14198701634770639,40.0
1.0632299636250475,1.1187881429816917,-0.0555581793566442,40.0
0.9850538513319065,0.8657506475954502,0.11930320373645631,40.0
0.9498209111502784,1.129436907637985,-0.17961599648770665,40.0
0.9787913361291816,1.0487080487080487,-0.06991671257886711,40.0
0.9582576995986519,0.5940766550522648,0.3641810445463871,41.0
0.9838140376247072,1.062667517549458,-0.07885347992475078,41.0
0.8925246044976066,1.0472613057273805,-0.1547367012297739,41.0
1.1022184433658384,1.6424731182795693,-0.5402546749137309,41.0
1.0170816711354735,0.8486946963451493,0.16838697479032427,42.0
1.1112593673268145,0.8056481663071188,0.30561120101969574,42.0
0.9621169822757559,0.9318631608707938,0.030253821404962133,43.0
1.3207110571045557,0.9958382877526754,0.32487276935188036,44.0
0.7765749584075307,0.9630269982710471,-0.18645203986351644,43.0
0.8109014360089579,0.9558601988550773,-0.14495876284611942,43.0
0.8720220774160906,0.8254885924588957,0.04653348495719489,43.0
1.7761233064746418,1.597163120567375,0.1789601859072667,43.0
0.8323003786803741,0.9959445936693528,-0.16364421498897874,43.0
1.252865218987843,1.0869140624999998,0.1659511564878433,44.0
0.9146252948128104,1.2056871421134818,-0.2910618473006714,43.0
0.7071194067459206,1.6151749204906851,-0.9080555137447646,43.0
1.0261486602918672,1.1876619170984457,-0.16151325680657846,42.0
1.6622438691794101,0.8205430932703666,0.8417007759090436,43.0
0.8426812773076588,1.3079224753485212,-0.4652411980408624,42.0
1.0141307565966373,0.7865537951744842,0.2275769614221531,42.0
0.8077992053453467,1.3280685920577604,-0.5202693867124137,41.0
0.8517864529770888,1.1162415713866902,-0.26445511840960145,41.0
1.1837426621649958,0.8657608695652165,0.3179817925997793,42.0
1.1161716115775497,1.3235364972295847,-0.20736488565203492,42.0
1.0697730921257673,0.9331896551724137,0.13658343695335362,43.0
1.1838950109568613,0.69297583081571,0.4909191801411513,43.0
1.1843457962338602,0.94841154182454,0.23593425440932014,44.0
1.013914561079731,1.1203404964581234,-0.10642593537839229,44.0
1.1382247856856018,1.1869620708839221,-0.048737285198320324,44.0
0.9470981764777293,1.1765036193043183,-0.22940544282658903,44.0
0.9089777575354866,1.2040760121178742,-0.2950982545823876,43.0
1.9203381141311773,2.3308235294117656,-0.41048541528058835,42.0
0.9703467217017925,1.1096146815822179,-0.1392679598804254,42.0
0.9847117874181744,1.0987508606275196,-0.11403907320934514,41.0
0.848809895195572,0.903772132409546,-0.054962237213973975,40.0
0.912390034488186,1.0701262272089762,-0.1577361927207902,39.0
0.9854911293887594,1.0977544496625757,-0.11226332027381636,39.0
0.8847225674628715,1.0236780115344006,-0.13895544407152916,39.0
1.023699108295096,1.1370023419203743,-0.11330323362527839,38.0
0.9780399788843376,1.256981436642452,-0.2789414577581145,38.0
1.0943943029095111,1.365571462903835,-0.2711771599943238,37.0
1.1014388265945196,1.7017932701994758,-0.6003544436049562,36.0
1.075197441200203,1.41795267489712,-0.34275523369691707,35.0
0.9082744069074125,0.6004543979227525,0.30782000898466,35.0
0.913275024258246,1.1012658227848098,-0.18799079852656375,34.0
1.00453128519345,0.9236831190377437,0.08084816615570634,35.0
2.4065112874932497,0.7141759508259702,1.6923353366672795,36.0
1.0516381483882242,1.225607404550714,-0.1739692561624897,36.0
1.0351053626791207,1.1389499780079162,-0.10384461532879552,35.0
0.9066522978418275,1.1020775460698784,-0.19542524822805085,35.0
0.7250634828898724,0.9377749029754207,-0.21271142008554822,35.0
1.2453480253942169,1.4794156706507298,-0.2340676452565129,35.0
0.9230527895477757,1.540925266903915,-0.6178724773561394,34.0
0.8123956418068192,1.013523824558633,-0.20112818275181388,34.0
0.6999096030699332,1.1904937361827566,-0.49058413311282334,34.0
1.0818625478486417,1.5066666666666666,-0.42480411881802493,33.0
1.7472816806585794,1.1881188118811878,0.5591628687773915,33.0
0.7433775830393086,1.5261467889908262,-0.7827692059515177,33.0
0.8204673382363135,1.002751108865308,-0.1822837706289946,33.0
0.9874418461806443,0.862042389210019,0.12539945697062538,33.0
1.221959283245259,0.9058924485125854,0.3160668347326736,34.0
1.1252967311214408,1.25192406362237,-0.12662733250092928,34.0
0.6948419306959829,0.9991989242697338,-0.3043569935737509,33.0
1.0058486295094822,1.090208358424666,-0.08435972891518384,33.0
0.8302895816963418,1.2395955752047316,-0.4093059935083898,32.0
0.831573256372626,1.146610754286321,-0.31503749791369506,32.0
1.1024898530109244,0.8544311253792012,0.2480587276317232,33.0
0.8931124892697406,1.1917827626918531,-0.2986702734221125,32.0
1.0627373997014662,0.8570141391738291,0.20572326052763712,33.0
1.019098703690694,0.9880863737900226,0.031012329900671376,34.0
1.1392924972211265,0.895117678421813,0.24417481879931346,35.0
1.0653726351793555,0.9234578338717953,0.1419148013075603,36.0
1.1696790600843328,0.8631705846895714,0.30650847539476134,37.0
0.9408205663734737,1.040965712084243,-0.10014514571076938,36.0
1.2976128546225976,1.3667237442922373,-0.06911088966963974,35.0
1.2305195299521814,0.842984409799555,0.38753512015262637,36.0
1.1753950440214076,0.7673588437595232,0.40803620026188436,37.0
0.9759078293286444,0.6596528143082587,0.31625501502038567,38.0
1.2307737713681495,1.156806083650191,0.07396768771795847,39.0
2.150556580910293,0.5801499464476969,1.5704066344625962,40.0
0.884397561908869,1.1621991862438414,-0.27780162433497246,40.0
0.9048067123052981,1.0167934606668825,-0.1119867483615844,40.0
1.378878634998315,1.3678357570573143,0.011042877941000784,40.0
1.21276514418493,0.9896820579859008,0.22308308619902928,41.0
0.8373100149900806,0.9657377798081319,-0.1284277648180513,40.0
1.2189864068801886,0.8843302026693033,0.33465620421088527,41.0
1.2399964738781892,1.8230452674897106,-0.5830487936115214,41.0
1.1600646352391126,0.8368785071120964,0.3231861281270162,42.0
1.8262407125397284,0.6738842776374357,1.1523564349022926,42.0
0.9028765407220096,0.7415999999999998,0.1612765407220098,42.0
0.9607836451949093,1.0040632237617322,-0.04327957856682285,42.0
1.6248883311985927,0.5626822157434401,1.0622061154551525,42.0
0.9887146742910609,0.856993464052288,0.1317212102387728,43.0
1.0533434316046033,0.8087089631796189,0.24463446842498437,43.0
1.1045523717022483,1.2360207526970264,-0.1314683809947781,42.0
1.05063252480803,1.1347361640453064,-0.08410363923727648,41.0
1.1760073071274673,0.926656233698488,0.24935107342897922,42.0
0.9980887390972588,1.1642434033387186,-0.16615466424145975,41.0
1.1985138766570964,1.1742388442584215,0.0242750323986749,42.0
1.2255131389814449,0.9740982553783581,0.2514148836030867,43.0
0.6219758969898026,1.8307573415765095,-1.2087814445867069,42.0
1.6794735305271347,1.0944026733500416,0.5850708571770931,43.0
0.9199365513871536,0.855085542873122,0.06485100851403158,44.0
1.451184665041812,0.8864574731626752,0.5647271918791369,45.0
0.9851064333352709,1.1570784292157086,-0.17197199588043766,44.0
1.049462077398946,1.371859296482413,-0.32239721908346697,43.0
0.8230545978738686,1.0840526614040409,-0.2609980635301723,42.0
0.7674531049333668,0.7999558076158207,-0.03250270268245392,41.0
0.8205236384307284,1.1984874208982863,-0.3779637824675579,41.0
1.0884208855115232,1.1765036193043183,-0.08808273379279519,41.0
0.9829707035628629,1.1185567010309292,-0.13558599746806632,40.0
0.9651497780312643,1.3050552004648464,-0.339905422433582,39.0
1.2139726711462835,1.1193079190037076,0.09466475214257586,40.0
0.8799010075003874,0.7415999999999998,0.13830100750038754,40.0
1.0612269760706396,0.865953429830082,0.1952735462405576,41.0
1.8478102995222785,0.7343750000000002,1.1134352995222783,42.0
0.9076682789624283,0.91704834605598,-0.009380067093551658,42.0
2.2704669607416084,0.5245055889939813,1.7459613717476272,42.0
1.1837078442637037,1.0119135019688983,0.1717943422948054,43.0
1.2700433505838717,1.3808823529411776,-0.11083900235730582,42.0
1.0729852404548237,0.9856596558317398,0.08732558462308393,43.0
1.4021940311376608,1.303609341825901,0.0985846893117599,44.0
1.275967865128646,1.3214791371699846,-0.045511272041338646,43.0
1.188833383907301,0.9804373904217042,0.2083959934855969,44.0
0.9198881941400572,1.129404724967864,-0.20951653082780686,43.0
0.8675303833848721,1.2081053875443126,-0.34057500415944053,42.0
1.4883995052673735,0.7568900493182471,0.7315094559491264,42.0
0.9831708860805659,1.1835658715360384,-0.20039498545547252,42.0
1.2753112292639888,1.3432080924855487,-0.06789686322155997,42.0
1.9437221866434409,1.0446535500427714,0.8990686366006695,43.0
0.7452438090293031,0.5717761557177615,0.17346765331154157,44.0
1.143098187788125,0.9578583990099652,0.18523978877815983,45.0
1.797774779634708,0.7614678899082573,1.036306889726451,46.0
1.3095179689074234,0.8437808977654735,0.46573707114194995,47.0
1.0875185366799134,0.9882064975522923,0.0993120391276211,48.0
0.5754050791892005,0.4725634725634731,0.10284160662572739,49.0
0.8652017459091765,1.0575874557249159,-0.19238570981573933,49.0
1.6463920418131293,0.7295199770048862,0.916872064808243,50.0
1.068679157620081,1.017548226509023,0.05113093111105793,51.0
0.9417187123805636,0.9759312320916904,-0.03421251971112682,51.0
0.9584011048078542,0.8792875688971898,0.07911353591066439,52.0
1.1196266460576094,1.4784899034240544,-0.358863257366445,52.0
1.07160551032385,1.2476918494986597,-0.17608633917480976,52.0
0.899272602633541,1.1015831134564633,-0.20231051082292228,51.0
1.2266891882780842,1.218006430868168,0.008682757409916197,52.0
1.1009958356777076,1.090163934426229,0.010831901251478593,52.0
1.002153527666363,1.4540192926045008,-0.4518657649381379,51.0
0.7516778764449783,1.0645090630305014,-0.3128311865855231,51.0
1.070375614590779,0.9102058694699962,0.16016974512078286,52.0
1.1039412488348426,1.2485968194574373,-0.1446555706225947,52.0
0.7620666601183294,1.0206947329669473,-0.258628072848618,52.0
1.0980911199122387,1.0183996417108296,0.0796914782014091,53.0
1.0220451796552839,0.7354838709677418,0.28656130868754204,54.0
1.0754185729263808,1.0946429593998737,-0.019224386473492894,54.0
0.9125428750033729,1.0981912144702857,-0.18564833946691273,54.0
0.6922787217648098,1.0396017699115057,-0.3473230481466959,54.0
0.8528945886226986,0.9140287587012855,-0.0611341700785869,53.0
1.005866765720346,0.9559397657557168,0.049926999964629126,54.0
1.315538649732194,0.7595176805310937,0.5560209692011002,55.0
0.957804164686973,0.9771744080145711,-0.01937024332759807,54.0
1.3599217437762248,0.656543209876543,0.7033785338996817,54.0
1.0966531007393665,0.8267664538850988,0.26988664685426766,55.0
1.1318766692801392,1.076621417797888,0.0552552514822513,56.0
1.4569785336927026,0.9854447439353107,0.4715337897573919,57.0
0.7174463071132011,4.748663101604278,-4.031216794491077,57.0
1.109314436491711,1.1204076857075993,-0.01109324921588839,57.0
0.9024759103943625,1.0346366302607204,-0.1321607198663579,56.0
0.9262972427303452,1.9636363636363638,-1.0373391209060188,56.0
1.0626734898623527,0.9248247708541941,0.13784871900815854,56.0
1.423144745258782,1.512890094979648,-0.08974534972086601,55.0
0.8828798548940159,0.835967416277937,0.046912438616078855,55.0
1.040422118579253,1.288687569460815,-0.24826545088156204,54.0
0.9831874067114318,0.8802125338014142,0.10297487291001761,54.0
1.3523639660993878,1.4028475711892807,-0.05048360508989291,54.0
1.558742815093885,1.0086624203821666,0.5500803947117183,55.0
0.9053377234083186,0.9248247708541941,-0.019487047445875483,54.0
0.8000398869702108,0.8038441558441558,-0.003804268873945027,53.0
1.1404275022470984,0.8646464646464642,0.2757810376006342,53.0
0.8602628220514151,0.9563760471610303,-0.09611322510961517,52.0
1.194745645490501,1.1838868388683879,0.010858806622113137,52.0
1.307675427888627,1.2836113837095184,0.024064044179108457,53.0
0.9568341289312537,0.9952240772381985,-0.038389948306944754,53.0
0.8307464626315629,1.017271922054916,-0.18652545942335308,52.0
0.7808911012793303,1.3999999999999995,-0.6191088987206692,51.0
1.1679344830819058,1.1869432300055878,-0.01900874692368193,51.0
1.331812295066676,1.303609341825901,0.02820295324077504,51.0
1.5305035291346456,1.451497975708503,0.07900555342614268,52.0
1.016906649209104,1.1926558321333058,-0.17574918292420194,51.0
0.6322760074387668,0.5973636908328341,0.034912316605932636,51.0
0.9828325468401572,1.261655566127497,-0.2788230192873399,50.0
1.1859227573898943,1.1359031381270086,0.05001961926288567,51.0
1.1756452145423386,0.7831472081218274,0.39249800642051125,51.0
1.1521472622774687,0.765697674418605,0.38644958785886363,51.0
1.2790158523228627,1.2499583680266448,0.029057484296217906,51.0
1.2561187307772252,1.1517285531370043,0.10439017764022096,52.0
1.0831986748650793,0.8686919407481797,0.21450673411689958,53.0
1.1405999411873362,1.1677273217560142,-0.027127380568678028,52.0
0.9810812587994685,1.111909036505088,-0.1308277777056196,52.0
1.0552153618155617,0.9199282939946217,0.13528706782094002,52.0
1.3080452777262506,1.247763178076588,0.06028209964966247,52.0
0.8980192287387652,1.2275792382405715,-0.3295600095018063,52.0
0.9371269561999899,0.9951442959229085,-0.05801733972291867,51.0
0.9241869702367369,0.6785128485511206,0.2456741216856163,51.0
1.0180589203433692,0.450566037735849,0.5674928826075202,51.0
1.1724033865265084,1.8130257456028551,-0.6406223590763467,51.0
0.908094189855069,0.9883642804788674,-0.08027009062379842,51.0
0.7791246561957988,1.154099770642202,-0.3749751144464032,51.0
0.7504952736820145,1.3476846729034646,-0.5971893992214501,51.0
2.0698459241063696,0.7746498405214255,1.295196083584944,52.0
1.0760230580056713,1.027721628645683,0.04830142935998838,53.0
0.9029784108033058,0.7758444216990795,0.12713398910422624,54.0
2.1109447874033167,1.1510545905707197,0.959890196832597,55.0
1.3412339646461409,1.3966992665036662,-0.055465301857525295,54.0
1.3358898464908766,1.0891815130389884,0.24670833345188825,54.0
1.2110909764262163,1.165437847626439,0.04565312879977723,54.0
1.0181016213930871,0.9821698515446325,0.03593176984845459,54.0
1.121743444855388,0.9974774889839713,0.12426595587141676,55.0
0.7956725678786872,0.8523705324580602,-0.05669796457937293,54.0
0.9821521248940013,0.9672177080414687,0.014934416852532606,54.0
0.7667206211594907,1.0212995732278545,-0.2545789520683638,54.0
0.9262801070554586,0.9811402662550645,-0.05486015919960585,53.0
1.3671599428716423,0.8616541353383456,0.5055058075332968,53.0
1.0760823353778752,1.3342028040430376,-0.25812046866516236,53.0
0.976077710736972,1.7013888888888886,-0.7253111781519166,52.0
1.030543697752886,1.2077125328659069,-0.17716883511302095,52.0
0.862033378676886,1.1921878246415956,-0.33015444596470955,52.0
1.940840477720617,0.9192506459948322,1.0215898317257848,52.0
0.8556700648449638,0.9981238273921194,-0.14245376254715558,52.0
1.0758729463985657,0.8267664538850988,0.24910649251346684,53.0
1.3094562276877795,1.0305869385505646,0.27886928913721487,53.0
0.850522128790175,1.1172267551744808,-0.2667046263843058,52.0
1.0957428805687042,0.9864344133375276,0.1093084672311766,52.0
0.9555737864401853,0.8044704407771047,0.1511033456630806,52.0
0.9479118041292434,1.3476846729034646,-0.39977286877422125,51.0
0.7635163169073546,0.7974400241412261,-0.0339237072338715,50.0
1.122124009441024,1.1653423941453214,-0.043218384704297286,49.0
1.554004997354016,1.0038890329271455,0.5501159644268705,50.0
0.8785490960124778,0.5143273433705684,0.36422175264190937,50.0
1.1346187729522155,1.1985757326759785,-0.06395695972376303,49.0
1.0456469125249988,0.8875661375661381,0.15808077495886064,50.0
1.1818628577930144,0.9499647639182527,0.23189809387476168,50.0
0.9117236874142225,1.0697594795857235,-0.158035792171501,50.0
0.9576838618714203,1.0586005830903795,-0.10091672121895923,50.0
1.1484678196693534,1.1515200214276138,-0.0030522017582603755,50.0
1.2474755191883944,1.5673141326188889,-0.31983861343049447,49.0
0.5774134302459013,1.5881542699724516,-1.0107408397265503,48.0
1.554727036281316,2.3897554806070826,-0.8350284443257667,48.0
1.0845612873906172,1.1317708195243519,-0.04720953213373469,48.0
0.9044927075950574,1.5285808147174764,-0.624088107122419,47.0
0.9573603441468554,1.133211678832116,-0.1758513346852606,47.0
1.0672987703309287,1.1215450387751051,-0.05424626844417646,47.0
1.8633423873964678,0.570905417350676,1.2924369700457918,47.0
1.1959634727651687,1.3688181056160935,-0.17285463285092484,46.0
0.8152712451676789,1.1515151515151527,-0.3362439063474738,46.0
1.1867764803288106,1.125725188871412,0.061051291457398627,47.0
1.1853037083337057,2.2162162162162176,-1.0309125078825119,47.0
1.2591027640107675,0.8361393891934225,0.42296337481734503,48.0
1.302316491909604,0.7617009132420088,0.5406155786675951,48.0
1.1759619297918966,1.0119135019688983,0.16404842782299833,48.0
0.7648928833343867,1.0932249322493224,-0.3283320489149357,48.0
1.189411097422249,0.8585607940446648,0.33085030337758414,48.0
1.2087641419494441,1.1860342555994734,0.02272988634997075,48.0
1.0433782916593346,1.0576488549618328,-0.014270563302498207,47.0
1.1727683780316869,1.0654307524536537,0.10733762557803317,47.0
0.9604528539463968,0.8544311253792012,0.1060217285671956,48.0
1.1344369884673375,1.4528875379939195,-0.3184505495265819,48.0
1.0458169750458923,1.1547361206305682,-0.10891914558467586,48.0
1.2192240593699506,0.8374543109008815,0.3817697484690691,49.0
0.9898052376577404,1.0668232417476347,-0.07701800408989423,48.0
1.2361898757896708,0.7554579620793039,0.48073191371036683,49.0
0.9851018807285812,1.0476867447538398,-0.06258486402525865,48.0
1.2247201609233513,0.8364211814938121,0.3882989794295393,49.0
0.9652418447019967,1.094496365524403,-0.1292545208224064,48.0
0.995160577493953,0.9839534883720932,0.011207089121859859,49.0
1.1596831805875454,1.3136153846153857,-0.15393220402784036,48.0
1.0688159866950306,1.2175410704822474,-0.14872508378721672,48.0
1.0590407602283052,1.02710582302419,0.03193493720411511,49.0
0.8934756063245755,0.8452027695351139,0.04827283678946159,49.0
1.11825640885542,1.2501982690252058,-0.1319418601697857,49.0
0.9299161415952639,0.9688807531380746,-0.03896461154281072,48.0
1.2656908032484355,1.5204160246533134,-0.25472522140487786,47.0
0.9281052698267053,1.0357683229437755,-0.10766305311707025,47.0
1.229938008267923,0.7849386213408881,0.4449993869270349,48.0
1.4447330308887862,1.220952082680864,0.22378094820792227,49.0
0.9527897285183232,1.0757226217940017,-0.12293289327567847,49.0
0.88253416396739,0.9300328365748934,-0.0474986726075034,48.0
1.064976989815758,0.9300717479463453,0.13490524186941266,48.0
1.0464667313090201,1.4629120879120867,-0.4164453566030666,48.0
0.8881433139102336,0.8838835827630286,0.004259731147205015,48.0
1.37874781352676,1.8871424890492146,-0.5083946755224547,48.0
0.944848903579282,0.9891577648210409,-0.04430886124175892,47.0
1.182172086316228,0.7686567164179103,0.4135153698983176,47.0
0.9453811433602929,0.6398104265402849,0.305570716820008,47.0
0.9459955432352436,1.022315044780613,-0.07631950154536948,46.0
0.8509224571260534,0.9340471092077088,-0.08312465208165543,45.0
0.7384748142282906,1.1274764312064491,-0.3890016169781585,44.0
1.056161587218016,0.9820644895436286,0.07409709767438732,45.0
1.1014801344924223,1.0253735551169993,0.07610657937542298,46.0
1.0992334762793332,0.8424941176470586,0.2567393586322746,46.0
1.118571822307137,1.201429997446433,-0.08285817513929605,45.0
1.4366231431226004,0.7192779783393504,0.71734516478325,46.0
0.8765219557650193,1.0228036485837733,-0.14628169281875392,46.0
1.552476617473626,0.9912216532553043,0.5612549642183217,46.0
1.0560944825692804,0.7497045615693692,0.30638992099991125,46.0
1.4432007501589972,0.7687400318979271,0.6744607182610701,47.0
1.01256517421731,1.060393818887345,-0.04782864467003489,47.0
0.9996187429501551,1.3586729630770285,-0.3590542201268734,47.0
0.8760147496745687,1.3000554631170282,-0.4240407134424595,47.0
0.6560293606777576,1.0181968569065343,-0.36216749622877664,46.0
0.9515187742664298,1.923076923076925,-0.9715581488104951,45.0
0.8681351963528892,1.156985743380856,-0.28885054702796675,44.0
0.8256294969043967,0.7595628415300549,0.06606665537434175,44.0
0.9722748815312383,1.0172554783814847,-0.04498059685024636,44.0
0.9549572757270489,1.0074267903182363,-0.05246951459118743,43.0
0.9725287531318573,0.9340471092077088,0.038481643924148434,43.0
1.2959273082257867,1.2205862304021808,0.07534107782360588,43.0
0.9663791796425597,1.157387247278381,-0.19100806763582134,42.0
1.6566025144277852,1.3209144792548697,0.33568803517291546,43.0
1.2970560575182704,1.2877258859422673,0.009330171576003021,43.0
1.1824436368014435,0.9817455790074164,0.20069805779402705,44.0
0.895556207819523,1.0989614841701958,-0.20340527635067274,44.0
1.337994112324483,0.8449004224502115,0.4930936898742715,44.0
1.1598908302935687,1.2119951377633709,-0.052104307469802214,44.0
1.1845587215417466,0.9593495934959351,0.2252091280458115,45.0
0.8281476445798671,0.9994516828115618,-0.1713040382316947,45.0
1.0432161057127889,1.0066310160427812,0.03658508967000773,46.0
1.1837392441333856,0.9236630247268545,0.26007621940653114,46.0
1.6114979770332176,0.7218430034129694,0.8896549736202483,47.0
0.9679832670707894,1.0193418739010294,-0.05135860683023996,46.0
1.0650193878045529,1.4475119854521394,-0.3824925976475866,45.0
1.290875423378006,0.8166786484543492,0.47419677492365675,46.0
0.8314450932109523,1.186568176364415,-0.35512308315346264,45.0
1.201615408800436,1.1803957414775796,0.021219667322856406,45.0
0.9774224277270565,1.2712524770765448,-0.2938300493494883,45.0
1.2761750364756823,1.6195021749637504,-0.34332713848806806,45.0
1.0485002083058974,0.9823893477030012,0.06611086060289617,46.0
1.2871667266911409,1.5384160756501177,-0.2512493489589769,45.0
0.9907051019203935,0.9798542967588459,0.010850805161547572,45.0
1.7740997428581113,0.662279547249276,1.1118201956088354,46.0
1.2395146023969028,1.0207877461706794,0.21872685622622345,46.0
1.0153548237620775,1.1020775460698784,-0.08672272230780087,45.0
0.7392170643129715,0.9350034369510426,-0.19578637263807108,45.0
1.0932802062671165,1.1303269745759899,-0.037046768308873324,45.0
0.7415127435398129,0.7861635220125793,-0.04465077847276644,45.0
0.9719735553038563,1.0622313721241008,-0.09025781682024447,45.0
0.8554426259631839,1.0258154543868827,-0.17037282842369883,45.0
1.4770014524347232,1.2883379247015605,0.18866352773316275,46.0
1.0012678636976837,1.0986085978383144,-0.09734073414063071,46.0
0.8142939381559375,0.9443060544877685,-0.13001211633183096,46.0
0.9256469653413786,0.9951442959229085,-0.06949733058152996,46.0
1.2494447473633221,0.9254821477077234,0.3239625996555987,47.0
0.9644857240628968,1.0356371490280785,-0.07115142496518168,46.0
1.1331839896408935,1.3609845031905201,-0.2278005135496266,46.0
0.9021656841146953,1.1228215386030254,-0.22065585448833003,46.0
0.9889590946467521,1.2323015629788527,-0.2433424683321006,45.0
1.14317121583874,1.1611877721209887,-0.01801655628224874,45.0
1.327941684533709,1.068483577917541,0.2594581066161681,45.0
0.8154759272146878,1.193415637860083,-0.37793971064539533,44.0
0.8607132991890171,0.8468421052631585,0.01387119392585856,44.0
0.9880470372669715,1.1504914933837431,-0.1624444561167716,44.0
1.0321170700362383,1.4212962962962967,-0.3891792262600584,43.0
1.279419056403289,1.0997065965196273,0.1797124598836617,43.0
1.4476588655899791,1.4183768656716411,0.02928199991833802,44.0
2.332472805532877,3.02808022922636,-0.6956074236934833,43.0
1.0947864782018364,0.8165864704217378,0.27820000778009857,43.0
1.4551830631166793,0.785487135010118,0.6696959281065613,44.0
0.8003950085887869,0.9768044057040741,-0.17640939711528725,44.0
0.8670648604571313,1.2424355971896968,-0.3753707367325655,43.0
1.6459358819982761,1.0219683655536032,0.623967516444673,44.0
0.9953614770266843,1.296571469991302,-0.3012099929646177,43.0
1.4709236607912086,0.845990391722099,0.6249332690691096,44.0
1.056163620317528,1.415812100654729,-0.3596484803372011,43.0
0.9476245833636109,0.9340471092077088,0.013577474155902047,44.0
0.9150630384207095,1.0082937930478917,-0.09323075462718222,43.0
1.3918710933337377,2.6703499079189688,-1.278478814585231,43.0
1.0972823078718885,0.9999999999999996,0.09728230787188896,44.0
1.3988744738931544,1.3966992665036662,0.0021752073894882873,44.0
1.1403765978637033,1.252006461704146,-0.11162986384044271,43.0
1.1100483122248834,1.1464461758626168,-0.03639786363773334,43.0
1.0890919165617055,1.2164037512874712,-0.1273118347257658,43.0
1.1160970704652018,0.9940679556973888,0.12202911476781297,44.0
1.0329108766513313,0.9644362688740715,0.06847460777725978,45.0
0.8544903943484788,1.1067422972798757,-0.2522519029313969,44.0
1.1211948380782581,0.8898847631241997,0.23131007495405842,44.0
0.9389107666245722,1.1719741737798217,-0.23306340715524954,44.0
0.7502614213460116,1.3165540540540532,-0.5662926327080416,44.0
1.2518426657378727,1.056282022867424,0.19556064287044883,44.0
1.2593652720120123,0.9153871644758648,0.34397810753614755,45.0
2.4390505003453296,0.5663255813953486,1.8727249189499808,45.0
1.0961369176845557,1.3178722024002576,-0.22173528471570192,45.0
1.141208066531705,0.9132165605095548,0.22799150602215024,46.0
1.3728403881542812,0.5138971023063275,0.8589432858479538,46.0
1.270839624464414,0.8018148164868402,0.46902480797757384,46.0
1.1558770490535464,1.3933277027027027,-0.2374506536491563,46.0
1.1554581903881918,1.1050583657587543,0.050399824629437484,47.0
0.3701988376815149,0.4989633724948168,-0.1287645348133019,47.0
1.0503958351231004,1.0076748152359294,0.04272101988717103,47.0
0.7021973445866724,1.0445334000500364,-0.342336055463364,46.0
1.3959137101555426,0.7449925894558544,0.6509211206996881,46.0
0.6893918160524846,1.2232768361581927,-0.5338850201057082,46.0
1.0852558912901202,1.017548226509023,0.06770766478109724,46.0
0.8146962882644199,1.3558919264332936,-0.5411956381688737,46.0
0.8554055655137212,1.046741726373252,-0.19133616085953076,45.0
1.1127614137180193,1.2063925555049806,-0.0936311417869613,44.0
1.6793756932715425,1.1367249602543716,0.5426507330171708,44.0
0.7232879414029056,0.8046963677639047,-0.0814084263609991,44.0
0.6452576236672187,0.5802469135802469,0.06501071008697179,45.0
0.9427993515656864,0.8704569055036345,0.07234244606205187,46.0
1.0542656151036127,0.9432287902876143,0.11103682481599841,47.0
1.2169260735316894,1.0050473186119886,0.21187875491970076,48.0
0.8856411690636389,0.8615089903783362,0.024132178685302708,49.0
1.2070790926544566,1.0608974358974355,0.1461816567570211,49.0
0.905415179991553,0.7383116883116887,0.16710349167986427,50.0
1.9382692361705463,1.5121145374449343,0.42615469872561196,51.0
1.1596297818405186,0.5894808743169401,0.5701489075235785,51.0
1.0879943185131495,1.2506846429323781,-0.1626903244192286,50.0
0.7291977179088269,0.45810526315789485,0.2710924547509321,51.0
0.7469230639050967,1.5307189542483655,-0.7837958903432688,50.0
0.9323971758937974,0.9733023795705158,-0.04090520367671835,49.0
1.2802655119268493,1.4263292761050606,-0.1460637641782112,48.0
1.3547473363415483,1.1367249602543716,0.21802237608717667,49.0
0.83258659595254,0.8069336521219367,0.025652943830603347,49.0
1.0726191108548564,0.9138192545174426,0.15879985633741378,50.0
1.0687746763657686,0.9945528097088161,0.07422186665695252,50.0
0.9340612673671942,0.982851543361097,-0.04879027599390284,50.0
1.3919333676438044,1.4365994236311246,-0.04466605598732021,49.0
0.9356957140200005,1.110943140500176,-0.17524742648017544,48.0
0.6431270452136713,1.1516516516516513,-0.50852460643798,47.0
0.8434085253575595,0.8185920577617329,0.024816467595826563,48.0
0.7984703592856169,1.1375758430929879,-0.33910548380737093,48.0
0.7992774439073213,0.8600767321146464,-0.060799288207325164,47.0
2.8847264054054436,2.5183346496671555,0.3663917557382881,48.0
1.307819069713755,1.372480075011719,-0.06466100529796392,47.0
1.2957670651329554,0.7366310160427809,0.5591360490901744,48.0
0.4608892583127905,0.9729729729729735,-0.512083714660183,48.0
1.0196744091409478,0.8259932381557,0.19368117098524773,48.0
1.0608938089658964,0.9943107871936929,0.06658302177220343,49.0
1.364038861921798,1.6899732944889525,-0.3259344325671545,48.0
1.7082222667387943,0.5802469135802469,1.1279753531585475,48.0
1.0548771203884186,0.9566367778921063,0.0982403424963123,48.0
0.863080855885309,1.0151715833835042,-0.1520907274981952,48.0
0.9843322554810919,1.136538376563121,-0.15220612108202902,48.0
1.158588478444415,0.8652149427445088,0.2933735356999061,49.0
1.2220180695332779,0.9676606467870644,0.2543574227462134,50.0
1.038034227866243,1.1543003851091145,-0.11626615724287137,50.0
0.9717452314743695,0.9791443850267385,-0.0073991535523689755,50.0
1.0273859247095463,1.4039999999999992,-0.376614075290453,49.0
1.5284272011837772,1.4390551181102358,0.08937208307354139,50.0
1.0764568023189958,1.0954763782349983,-0.019019575916002562,50.0
0.9762128048745099,1.7522123893805315,-0.7759995845060216,50.0
0.9658641568196875,0.925631431244154,0.04023272557553348,50.0
1.0885815480958678,1.3359896471870325,-0.24740809909116468,50.0
1.3243318432561866,0.9560674157303375,0.3682644275258491,51.0
1.1965771836371368,1.3128896508728185,-0.11631246723568167,51.0
0.9624558464278686,1.1874638785267695,-0.22500803209890086,51.0
1.0272534408286123,1.076621417797888,-0.04936797696927564,51.0
0.875108274936128,0.9900939368061483,-0.11498566187002035,50.0
0.9274618258860696,1.1461995863495342,-0.2187377604634646,50.0
1.0518082500944232,1.1115877198357742,-0.059779469741350955,49.0
1.3689723105756457,1.0583009439200444,0.31067136665560136,50.0
0.904194192997333,1.0942432900838452,-0.1900490970865123,50.0
0.8827162739971836,1.04287369640788,-0.16015742241069642,49.0
1.0705428911206327,1.043311403508773,0.027231487611859784,49.0
0.8904407289249613,1.1547879536989099,-0.26434722477394856,49.0
0.8175482741898709,1.1673801527844416,-0.34983187859457077,48.0
1.2645610483138883,1.4410480349344985,-0.17648698662061024,47.0
1.1425055125402395,0.9426549536359208,0.1998505589043187,48.0
0.901331867888434,1.2395955752047316,-0.3382637073162976,48.0
2.742527172923706,0.5801499464476969,2.162377226476009,48.0
1.2435318236288517,1.25192406362237,-0.008392239993518347,48.0
0.904260292481688,0.978891820580475,-0.07463152809878693,47.0
1.3193780105950246,0.845990391722099,0.4733876188729256,48.0
0.9494100502545938,1.2076250280331902,-0.25821497777859637,47.0
